direction,proportion
1,0.5435341136168998
0,0.4564658863831002
